Sample,Timepoint,Treatment,Replicate,Gene,barcode,barcodetype,count
T0RAP-1,T0,RAP-,1,p230p,GGCTTACCGACT,boxit+,0
T0RAP-1,T0,RAP-,1,p230p,GACTCTCCGTAG,boxit-,101
T0RAP-1,T0,RAP-,1,sub1,ATAACGTGAAGG,boxit+,6
T0RAP-1,T0,RAP-,1,sub1,CTAGGTCCGTAA,boxit-,22
T0RAP-1,T0,RAP-,1,rom1,AATGAACTCGAC,boxit+,2
T0RAP-1,T0,RAP-,1,rom1,TATATGTAGCGG,boxit-,125
T0RAP-1,T0,RAP-,1,rom3,GTTAGAGTCGAA,boxit+,2
T0RAP-1,T0,RAP-,1,rom3,ATGGAATCTAGG,boxit-,184
T0RAP-1,T0,RAP-,1,rom8,GCACCAACTAAC,boxit+,0
T0RAP-1,T0,RAP-,1,rom8,GTTAGGCCAAGA,boxit-,72
T0RAP-1,T0,RAP-,1,rom9,GTCGCACACAAG,boxit+,0
T0RAP-1,T0,RAP-,1,rom9,ACTGCCAAGCGT,boxit-,35
T0RAP+1,T0,RAP+,1,p230p,GGCTTACCGACT,boxit+,75
T0RAP+1,T0,RAP+,1,p230p,GACTCTCCGTAG,boxit-,21
T0RAP+1,T0,RAP+,1,sub1,ATAACGTGAAGG,boxit+,29
T0RAP+1,T0,RAP+,1,sub1,CTAGGTCCGTAA,boxit-,5
T0RAP+1,T0,RAP+,1,rom1,AATGAACTCGAC,boxit+,174
T0RAP+1,T0,RAP+,1,rom1,TATATGTAGCGG,boxit-,16
T0RAP+1,T0,RAP+,1,rom3,GTTAGAGTCGAA,boxit+,127
T0RAP+1,T0,RAP+,1,rom3,ATGGAATCTAGG,boxit-,86
T0RAP+1,T0,RAP+,1,rom8,GCACCAACTAAC,boxit+,78
T0RAP+1,T0,RAP+,1,rom8,GTTAGGCCAAGA,boxit-,11
T0RAP+1,T0,RAP+,1,rom9,GTCGCACACAAG,boxit+,12
T0RAP+1,T0,RAP+,1,rom9,ACTGCCAAGCGT,boxit-,10
T1RAP-1,T1,RAP-,1,p230p,GGCTTACCGACT,boxit+,0
T1RAP-1,T1,RAP-,1,p230p,GACTCTCCGTAG,boxit-,37
T1RAP-1,T1,RAP-,1,sub1,ATAACGTGAAGG,boxit+,0
T1RAP-1,T1,RAP-,1,sub1,CTAGGTCCGTAA,boxit-,9
T1RAP-1,T1,RAP-,1,rom1,AATGAACTCGAC,boxit+,0
T1RAP-1,T1,RAP-,1,rom1,TATATGTAGCGG,boxit-,50
T1RAP-1,T1,RAP-,1,rom3,GTTAGAGTCGAA,boxit+,0
T1RAP-1,T1,RAP-,1,rom3,ATGGAATCTAGG,boxit-,101
T1RAP-1,T1,RAP-,1,rom8,GCACCAACTAAC,boxit+,0
T1RAP-1,T1,RAP-,1,rom8,GTTAGGCCAAGA,boxit-,48
T1RAP-1,T1,RAP-,1,rom9,GTCGCACACAAG,boxit+,0
T1RAP-1,T1,RAP-,1,rom9,ACTGCCAAGCGT,boxit-,14
T1RAP+1,T1,RAP+,1,p230p,GGCTTACCGACT,boxit+,54
T1RAP+1,T1,RAP+,1,p230p,GACTCTCCGTAG,boxit-,2
T1RAP+1,T1,RAP+,1,sub1,ATAACGTGAAGG,boxit+,58
T1RAP+1,T1,RAP+,1,sub1,CTAGGTCCGTAA,boxit-,2
T1RAP+1,T1,RAP+,1,rom1,AATGAACTCGAC,boxit+,206
T1RAP+1,T1,RAP+,1,rom1,TATATGTAGCGG,boxit-,1
T1RAP+1,T1,RAP+,1,rom3,GTTAGAGTCGAA,boxit+,203
T1RAP+1,T1,RAP+,1,rom3,ATGGAATCTAGG,boxit-,3
T1RAP+1,T1,RAP+,1,rom8,GCACCAACTAAC,boxit+,66
T1RAP+1,T1,RAP+,1,rom8,GTTAGGCCAAGA,boxit-,2
T1RAP+1,T1,RAP+,1,rom9,GTCGCACACAAG,boxit+,13
T1RAP+1,T1,RAP+,1,rom9,ACTGCCAAGCGT,boxit-,0
T3RAP-1,T3,RAP-,1,p230p,GGCTTACCGACT,boxit+,0
T3RAP-1,T3,RAP-,1,p230p,GACTCTCCGTAG,boxit-,78
T3RAP-1,T3,RAP-,1,sub1,ATAACGTGAAGG,boxit+,3
T3RAP-1,T3,RAP-,1,sub1,CTAGGTCCGTAA,boxit-,10
T3RAP-1,T3,RAP-,1,rom1,AATGAACTCGAC,boxit+,1
T3RAP-1,T3,RAP-,1,rom1,TATATGTAGCGG,boxit-,86
T3RAP-1,T3,RAP-,1,rom3,GTTAGAGTCGAA,boxit+,0
T3RAP-1,T3,RAP-,1,rom3,ATGGAATCTAGG,boxit-,124
T3RAP-1,T3,RAP-,1,rom8,GCACCAACTAAC,boxit+,0
T3RAP-1,T3,RAP-,1,rom8,GTTAGGCCAAGA,boxit-,80
T3RAP-1,T3,RAP-,1,rom9,GTCGCACACAAG,boxit+,0
T3RAP-1,T3,RAP-,1,rom9,ACTGCCAAGCGT,boxit-,20
T3RAP+1,T3,RAP+,1,p230p,GGCTTACCGACT,boxit+,39
T3RAP+1,T3,RAP+,1,p230p,GACTCTCCGTAG,boxit-,0
T3RAP+1,T3,RAP+,1,sub1,ATAACGTGAAGG,boxit+,1
T3RAP+1,T3,RAP+,1,sub1,CTAGGTCCGTAA,boxit-,1
T3RAP+1,T3,RAP+,1,rom1,AATGAACTCGAC,boxit+,295
T3RAP+1,T3,RAP+,1,rom1,TATATGTAGCGG,boxit-,0
T3RAP+1,T3,RAP+,1,rom3,GTTAGAGTCGAA,boxit+,190
T3RAP+1,T3,RAP+,1,rom3,ATGGAATCTAGG,boxit-,0
T3RAP+1,T3,RAP+,1,rom8,GCACCAACTAAC,boxit+,0
T3RAP+1,T3,RAP+,1,rom8,GTTAGGCCAAGA,boxit-,1
T3RAP+1,T3,RAP+,1,rom9,GTCGCACACAAG,boxit+,11
T3RAP+1,T3,RAP+,1,rom9,ACTGCCAAGCGT,boxit-,0